Date,Susceptible,Infected,Removed,Pred_Susceptible_Immunization,Pred_Infected_Immunization,Pred_Removed_Immunization
14-Mar-20,104099452,0,0,104099452.0,0.0,0.0
15-Mar-20,104099452,0,0,104099452.0,0.0,0.0
16-Mar-20,104099452,0,0,104099452.0,0.0,0.0
17-Mar-20,104099452,0,0,104099452.0,0.0,0.0
18-Mar-20,104099452,0,0,104099452.0,0.0,0.0
19-Mar-20,104099452,0,0,104099452.0,0.0,0.0
20-Mar-20,104099452,0,0,104099452.0,0.0,0.0
21-Mar-20,104099452,0,0,104099452.0,0.0,0.0
22-Mar-20,104099450,1,1,104099450.0,1.0,1.0
23-Mar-20,104099449,2,1,104099449.0,2.0,1.0
24-Mar-20,104099449,2,1,104099449.0,2.0,1.0
25-Mar-20,104099448,3,1,104099448.0,3.0,1.0
26-Mar-20,104099445,6,1,104099445.0,6.0,1.0
27-Mar-20,104099443,8,1,104099443.0,8.0,1.0
28-Mar-20,104099441,10,1,104099441.0,10.0,1.0
29-Mar-20,104099437,14,1,104099437.0,14.0,1.0
30-Mar-20,104099437,14,1,104099437.0,14.0,1.0
31-Mar-20,104099431,20,1,104099431.0,20.0,1.0
01-Apr-20,104099428,23,1,104099428.0,23.0,1.0
02-Apr-20,104099423,25,4,104099423.0,25.0,4.0
03-Apr-20,104099421,27,4,104099421.0,27.0,4.0
04-Apr-20,104099420,28,4,104099420.0,28.0,4.0
05-Apr-20,104099420,28,4,104099420.0,28.0,4.0
06-Apr-20,104099420,22,10,104099420.0,22.0,10.0
07-Apr-20,104099414,22,16,104099414.0,22.0,16.0
08-Apr-20,104099413,23,16,104099413.0,23.0,16.0
09-Apr-20,104099394,42,16,104099394.0,42.0,16.0
10-Apr-20,104099392,44,16,104099392.0,44.0,16.0
11-Apr-20,104099388,48,16,104099388.0,48.0,16.0
12-Apr-20,104099388,37,27,104099388.0,37.0,27.0
13-Apr-20,104099386,37,29,104099386.0,37.0,29.0
14-Apr-20,104099386,36,30,104099386.0,36.0,30.0
15-Apr-20,104099380,42,30,104099380.0,42.0,30.0
16-Apr-20,104099369,45,38,104099369.0,45.0,38.0
17-Apr-20,104099367,47,38,104099367.0,47.0,38.0
18-Apr-20,104099366,42,44,104099366.0,42.0,44.0
19-Apr-20,104099356,52,44,104099356.0,52.0,44.0
20-Apr-20,104099339,69,44,104099339.0,69.0,44.0
21-Apr-20,104099326,82,44,104099326.0,82.0,44.0
22-Apr-20,104099309,99,44,104099309.0,99.0,44.0
23-Apr-20,104099282,124,46,104099282.0,124.0,46.0
24-Apr-20,104099229,177,46,104099229.0,177.0,46.0
25-Apr-20,104099201,204,47,104099201.0,204.0,47.0
26-Apr-20,104099175,219,58,104099175.0,219.0,58.0
27-Apr-20,104099106,288,58,104099106.0,288.0,58.0
28-Apr-20,104099086,300,66,104099086.0,300.0,66.0
29-Apr-20,104099049,337,66,104099049.0,337.0,66.0
30-Apr-20,104099027,339,86,104099027.0,339.0,86.0
01-May-20,104098986,365,101,104098986.0,365.0,101.0
02-May-20,104098971,360,121,104098971.0,360.0,121.0
03-May-20,104098935,389,128,104098935.0,389.0,128.0
04-May-20,104098924,397,131,104098924.0,397.0,131.0
05-May-20,104098917,373,162,104098917.0,373.0,162.0
06-May-20,104098910,380,162,104098910.0,380.0,162.0
07-May-20,104098902,327,223,104098902.0,327.0,223.0
08-May-20,104098873,307,272,104098873.0,307.0,272.0
09-May-20,104098841,288,323,104098841.0,288.0,323.0
10-May-20,104098745,347,360,104098745.0,347.0,360.0
11-May-20,104098703,366,383,104098703.0,366.0,383.0
12-May-20,104098573,491,388,104098573.0,491.0,388.0
13-May-20,104098499,546,407,104098499.0,546.0,407.0
14-May-20,104098453,580,419,104098453.0,580.0,419.0
15-May-20,104098419,586,447,104098419.0,586.0,447.0
16-May-20,104098274,697,481,104098274.0,697.0,481.0
17-May-20,104098132,839,481,104098132.0,839.0,481.0
18-May-20,104098029,897,526,104098029.0,897.0,526.0
19-May-20,104097933,993,526,104097933.0,993.0,526.0
20-May-20,104097676,1196,580,104097676.0,1196.0,580.0
21-May-20,104097465,1407,580,104097465.0,1407.0,580.0
22-May-20,104097286,1526,640,104097286.0,1526.0,640.0
23-May-20,104097058,1730,664,104097058.0,1730.0,664.0
24-May-20,104096878,1861,713,104096878.0,1861.0,713.0
25-May-20,104096715,1991,746,104096715.0,1991.0,746.0
26-May-20,104096484,2154,814,104096484.0,2154.0,814.0
27-May-20,104096416,2103,933,104096416.0,2103.0,933.0
28-May-20,104096267,2120,1065,104096267.0,2120.0,1065.0
29-May-20,104096093,2135,1224,104096093.0,2135.0,1224.0
30-May-20,104095887,2233,1332,104095887.0,2233.0,1332.0
31-May-20,104095645,2264,1543,104095645.0,2264.0,1543.0
01-Jun-20,104095507,2181,1764,104095507.0,2181.0,1764.0
02-Jun-20,104095356,2269,1827,104095356.0,2269.0,1827.0
03-Jun-20,104095126,2276,2050,104095126.0,2276.0,2050.0
04-Jun-20,104095000,2304,2148,104095000.0,2304.0,2148.0
05-Jun-20,104094854,2336,2262,104094854.0,2336.0,2262.0
06-Jun-20,104094621,2504,2327,104094621.0,2504.0,2327.0
07-Jun-20,104094382,2635,2435,104094382.0,2635.0,2435.0
08-Jun-20,104094205,2674,2573,104094205.0,2674.0,2573.0
09-Jun-20,104093997,2652,2803,104093997.0,2652.0,2803.0
10-Jun-20,104093754,2730,2968,104093754.0,2730.0,2968.0
11-Jun-20,104093504,2828,3120,104093504.0,2828.0,3120.0
12-Jun-20,104093356,2745,3351,104093356.0,2745.0,3351.0
13-Jun-20,104093163,2568,3721,104093163.0,2568.0,3721.0
14-Jun-20,104092977,2464,4011,104092977.0,2464.0,4011.0
15-Jun-20,104092790,2398,4264,104092790.0,2398.0,4264.0
16-Jun-20,104092642,2200,4610,104092642.0,2200.0,4610.0
17-Jun-20,104092512,2125,4815,104092512.0,2125.0,4815.0
18-Jun-20,104092412,2035,5005,104092412.0,2035.0,5005.0
19-Jun-20,104092162,2143,5147,104092162.0,2143.0,5147.0
20-Jun-20,104091949,2087,5416,104091949.0,2087.0,5416.0
21-Jun-20,104091787,1983,5682,104091787.0,1983.0,5682.0
22-Jun-20,104091559,2074,5819,104091559.0,2074.0,5819.0
23-Jun-20,104091402,1969,6081,104091402.0,1969.0,6081.0
24-Jun-20,104091179,2112,6161,104091179.0,2112.0,6161.0
25-Jun-20,104090964,1952,6536,104090964.0,1952.0,6536.0
26-Jun-20,104090774,1953,6725,104090774.0,1953.0,6725.0
27-Jun-20,104090472,1992,6988,104090472.0,1992.0,6988.0
28-Jun-20,104090228,2006,7218,104090228.0,2006.0,7218.0
29-Jun-20,104089834,2181,7437,104089834.0,2181.0,7437.0
30-Jun-20,104089464,2376,7612,104089464.0,2376.0,7612.0
01-Jul-20,104089248,2320,7884,104089248.0,2320.0,7884.0
02-Jul-20,104088770,2610,8072,104088770.0,2610.0,8072.0
03-Jul-20,104088344,2813,8295,104088344.0,2813.0,8295.0
04-Jul-20,104087995,2881,8576,104087995.0,2881.0,8576.0
05-Jul-20,104087592,3005,8855,104087592.0,3005.0,8855.0
06-Jul-20,104087312,3029,9111,104087312.0,3029.0,9111.0
07-Jul-20,104086927,3089,9436,104086927.0,3089.0,9436.0
08-Jul-20,104086178,3633,9641,104086178.0,3633.0,9641.0
09-Jul-20,104085474,4077,9901,104085474.0,4077.0,9901.0
10-Jul-20,104085122,3968,10362,104085122.0,3968.0,10362.0
11-Jul-20,104084413,3930,11109,104084413.0,3930.0,11109.0
12-Jul-20,104083147,4227,12078,104083147.0,4227.0,12078.0
13-Jul-20,104082031,4923,12498,104082031.0,4923.0,12498.0
14-Jul-20,104080599,5691,13162,104080599.0,5691.0,13162.0
15-Jul-20,104079279,6483,13690,104079279.0,6483.0,13690.0
16-Jul-20,104077894,7290,14268,104077894.0,7290.0,14268.0
17-Jul-20,104076152,8130,15170,104076152.0,8130.0,15170.0
18-Jul-20,104074485,9019,15948,104074485.0,9019.0,15948.0
19-Jul-20,104073073,9603,16776,104073073.0,9603.0,16776.0
20-Jul-20,104071997,9733,17722,104071997.0,9733.0,17722.0
21-Jul-20,104070888,9625,18939,104070888.0,9625.0,18939.0
22-Jul-20,104069386,9982,20084,104069386.0,9982.0,20084.0
23-Jul-20,104067761,10520,21171,104067761.0,10520.0,21171.0
24-Jul-20,104065941,10458,23053,104065941.0,10458.0,23053.0
25-Jul-20,104063138,11562,24752,104063138.0,11562.0,24752.0
26-Jul-20,104060533,12362,26557,104060533.0,12362.0,26557.0
27-Jul-20,104058341,13012,28099,104058341.0,13012.0,28099.0
28-Jul-20,104055861,14102,29489,104055861.0,14102.0,29489.0
29-Jul-20,104053533,15142,30777,104053533.0,15142.0,30777.0
30-Jul-20,104051451,16043,31958,104051451.0,16043.0,31958.0
31-Jul-20,104048465,17039,33948,104048465.0,17039.0,33948.0
01-Aug-20,104044944,18723,35785,104044944.0,18723.0,35785.0
02-Aug-20,104042182,20311,36959,104042182.0,20311.0,36959.0
03-Aug-20,104039885,20723,38844,104039885.0,20723.0,38844.0
04-Aug-20,104037421,20922,41109,104037421.0,20922.0,41109.0
05-Aug-20,104034720,21993,42739,104034720.0,21993.0,42739.0
06-Aug-20,104031304,23940,44208,104031304.0,23940.0,44208.0
07-Aug-20,104027658,25129,46665,104027658.0,25129.0,46665.0
08-Aug-20,104023666,26694,49092,104023666.0,26694.0,49092.0
09-Aug-20,104019732,27976,51744,104019732.0,27976.0,51744.0
10-Aug-20,104016711,28152,54589,104016711.0,28152.0,54589.0
11-Aug-20,104012640,29308,57504,104012640.0,29308.0,57504.0
12-Aug-20,104008899,30011,60542,104008899.0,30011.0,60542.0
13-Aug-20,104004993,31468,62991,104004993.0,31468.0,62991.0
14-Aug-20,104001082,32563,65807,104001082.0,32563.0,65807.0
15-Aug-20,103997546,32716,69190,103997546.0,32716.0,69190.0
16-Aug-20,103995359,30990,73103,103995359.0,30990.0,73103.0
17-Aug-20,103992834,29370,77248,103992834.0,29370.0,77248.0
18-Aug-20,103989577,28577,81298,103989577.0,28577.0,81298.0
19-Aug-20,103986693,27613,85146,103986693.0,27613.0,85146.0
20-Aug-20,103984242,26473,88737,103984242.0,26473.0,88737.0
21-Aug-20,103981781,25242,92429,103981781.0,25242.0,92429.0
22-Aug-20,103979543,23936,95973,103979543.0,23936.0,95973.0
23-Aug-20,103977296,23092,99064,103977296.0,23092.0,99064.0
24-Aug-20,103976069,21394,101989,103976069.0,21394.0,101989.0
25-Aug-20,103974625,19652,105175,103974625.0,19652.0,105175.0
26-Aug-20,103972462,19572,107418,103972462.0,19572.0,107418.0
27-Aug-20,103970602,18492,110358,103970602.0,18492.0,110358.0
28-Aug-20,103968604,17729,113119,103968604.0,17729.0,113119.0
29-Aug-20,103966517,17182,115753,103966517.0,17182.0,115753.0
30-Aug-20,103964439,17020,117993,103964439.0,17020.0,117993.0
31-Aug-20,103963115,16071,120266,103963115.0,16071.0,120266.0
01-Sep-20,103961187,15955,122310,103961187.0,15955.0,122310.0
02-Sep-20,103959218,16108,124126,103959218.0,16108.0,124126.0
03-Sep-20,103957296,16452,125704,103957296.0,16452.0,125704.0
04-Sep-20,103955318,16982,127152,103955318.0,16982.0,127152.0
05-Sep-20,103953591,16735,129126,103953591.0,16735.0,129126.0
06-Sep-20,103951794,16604,131054,103951794.0,16604.0,131054.0
07-Sep-20,103950425,16121,132906,103950425.0,16121.0,132906.0
08-Sep-20,103948758,15840,134854,103948758.0,15840.0,134854.0
09-Sep-20,103947260,15626,136566,103947260.0,15626.0,136566.0
10-Sep-20,103945717,15679,138056,103945717.0,15679.0,138056.0
11-Sep-20,103944007,15190,140255,103944007.0,15190.0,140255.0
12-Sep-20,103942586,14900,141966,103942586.0,14900.0,141966.0
13-Sep-20,103941063,14514,143875,103941063.0,14514.0,143875.0
14-Sep-20,103939926,13676,145850,103939926.0,13676.0,145850.0
15-Sep-20,103938351,13732,147369,103938351.0,13732.0,147369.0
16-Sep-20,103936820,13527,149105,103936820.0,13527.0,149105.0
17-Sep-20,103935228,13647,150577,103935228.0,13647.0,150577.0
18-Sep-20,103934081,13112,152259,103934081.0,13112.0,152259.0
19-Sep-20,103932465,13170,153817,103932465.0,13170.0,153817.0
20-Sep-20,103930910,13235,155307,103930910.0,13235.0,155307.0
21-Sep-20,103929596,13162,156694,103929596.0,13162.0,156694.0
22-Sep-20,103927987,13536,157929,103927987.0,13536.0,157929.0
23-Sep-20,103926389,13643,159420,103926389.0,13643.0,159420.0
24-Sep-20,103925186,13688,160578,103925186.0,13688.0,160578.0
25-Sep-20,103923554,13507,162391,103923554.0,13507.0,162391.0
26-Sep-20,103922097,13337,164018,103922097.0,13337.0,164018.0
27-Sep-20,103920570,13457,165425,103920570.0,13457.0,165425.0
28-Sep-20,103919420,12952,167080,103919420.0,12952.0,167080.0
29-Sep-20,103917981,12687,168784,103917981.0,12687.0,168784.0
30-Sep-20,103916546,12377,170529,103916546.0,12377.0,170529.0
01-Oct-20,103915176,12503,171773,103915176.0,12503.0,171773.0
02-Oct-20,103913745,12433,173274,103913745.0,12433.0,173274.0
03-Oct-20,103912762,11983,174707,103912762.0,11983.0,174707.0
04-Oct-20,103911501,11927,176024,103911501.0,11927.0,176024.0
05-Oct-20,103910594,11260,177598,103910594.0,11260.0,177598.0
06-Oct-20,103909329,11269,178854,103909329.0,11269.0,178854.0
07-Oct-20,103908025,11149,180278,103908025.0,11149.0,180278.0
08-Oct-20,103906781,11385,181286,103906781.0,11385.0,181286.0
09-Oct-20,103905626,11111,182715,103905626.0,11111.0,182715.0
10-Oct-20,103904486,11015,183951,103904486.0,11015.0,183951.0
11-Oct-20,103903184,11098,185170,103903184.0,11098.0,185170.0
12-Oct-20,103902452,10452,186548,103902452.0,10452.0,186548.0
13-Oct-20,103901229,10639,187584,103901229.0,10639.0,187584.0
14-Oct-20,103899903,10584,188965,103899903.0,10584.0,188965.0
15-Oct-20,103898627,11051,189774,103898627.0,11051.0,189774.0
16-Oct-20,103897565,10650,191237,103897565.0,10650.0,191237.0
17-Oct-20,103896392,10555,192505,103896392.0,10555.0,192505.0
18-Oct-20,103895240,10622,193590,103895240.0,10622.0,193590.0
19-Oct-20,103894328,10332,194792,103894328.0,10332.0,194792.0
20-Oct-20,103892491,11061,195900,103892491.0,11061.0,195900.0
21-Oct-20,103891214,11011,197227,103891214.0,11011.0,197227.0
22-Oct-20,103890156,11077,198219,103890156.0,11077.0,198219.0
23-Oct-20,103889063,10918,199471,103889063.0,10918.0,199471.0
24-Oct-20,103888009,10880,200563,103888009.0,10880.0,200563.0
25-Oct-20,103887260,10223,201969,103887260.0,10223.0,201969.0
26-Oct-20,103886747,9640,203065,103886747.0,9640.0,203065.0
27-Oct-20,103886069,9074,204309,103886069.0,9074.0,204309.0
28-Oct-20,103885289,8777,205386,103885289.0,8777.0,205386.0
29-Oct-20,103884506,8485,206461,103884506.0,8485.0,206461.0
30-Oct-20,103883488,8255,207709,103883488.0,8255.0,207709.0
31-Oct-20,103882688,7863,208901,103882688.0,7863.0,208901.0
01-Nov-20,103881911,7438,210103,103881911.0,7438.0,210103.0
02-Nov-20,103881334,7037,211081,103881334.0,7037.0,211081.0
03-Nov-20,103880488,7001,211963,103880488.0,7001.0,211963.0
04-Nov-20,103879947,6561,212944,103879947.0,6561.0,212944.0
05-Nov-20,103879206,6827,213419,103879206.0,6827.0,213419.0
06-Nov-20,103878460,6952,214040,103878460.0,6952.0,214040.0
07-Nov-20,103877641,6764,215047,103877641.0,6764.0,215047.0
08-Nov-20,103876840,6732,215880,103876840.0,6732.0,215880.0
09-Nov-20,103875975,6739,216738,103875975.0,6739.0,216738.0
10-Nov-20,103875177,6518,217757,103875177.0,6518.0,217757.0
11-Nov-20,103874475,6393,218584,103874475.0,6393.0,218584.0
12-Nov-20,103873952,6375,219125,103873952.0,6375.0,219125.0
13-Nov-20,103873371,6079,220002,103873371.0,6079.0,220002.0
14-Nov-20,103872783,6240,220429,103872783.0,6240.0,220429.0
15-Nov-20,103872536,5868,221048,103872536.0,5868.0,221048.0
16-Nov-20,103872019,5783,221650,103872019.0,5783.0,221650.0
17-Nov-20,103871506,5542,222404,103871506.0,5542.0,222404.0
18-Nov-20,103870772,5668,223012,103870772.0,5668.0,223012.0
19-Nov-20,103869978,5773,223701,103869978.0,5773.0,223701.0
20-Nov-20,103869483,5604,224365,103869483.0,5604.0,224365.0
21-Nov-20,103869205,5416,224831,103869205.0,5416.0,224831.0
22-Nov-20,103868820,5190,225442,103868820.0,5190.0,225442.0
23-Nov-20,103868408,5116,225928,103868408.0,5116.0,225928.0
24-Nov-20,103867755,5017,226680,103867755.0,5017.0,226680.0
25-Nov-20,103866992,5426,227034,103866992.0,5426.0,227034.0
26-Nov-20,103866310,5507,227635,103866310.0,5507.0,227635.0
27-Nov-20,103865612,5546,228294,103865612.0,5546.0,228294.0
28-Nov-20,103864899,5586,228967,103864899.0,5586.0,228967.0
29-Nov-20,103864293,5649,229510,103864293.0,5649.0,229510.0
30-Nov-20,103863836,5554,230062,103863836.0,5554.0,230062.0
01-Dec-20,103863354,5465,230633,103863354.0,5465.0,230633.0
02-Dec-20,103862674,5503,231275,103862674.0,5503.0,231275.0
03-Dec-20,103862103,5565,231784,103862103.0,5565.0,231784.0
04-Dec-20,103861484,5573,232395,103861484.0,5573.0,232395.0
05-Dec-20,103860911,5383,233158,103860911.0,5383.0,233158.0
06-Dec-20,103860326,5393,233733,103860326.0,5393.0,233733.0
07-Dec-20,103859887,5151,234414,103859887.0,5151.0,234414.0
08-Dec-20,103859203,5158,235091,103859203.0,5158.0,235091.0
09-Dec-20,103858513,5138,235801,103858513.0,5138.0,235801.0
10-Dec-20,103857918,5287,236247,103857918.0,5287.0,236247.0
11-Dec-20,103857300,5226,236926,103857300.0,5226.0,236926.0
12-Dec-20,103856704,5242,237506,103856704.0,5242.0,237506.0
13-Dec-20,103856204,5190,238058,103856204.0,5190.0,238058.0
14-Dec-20,103855779,4976,238697,103855779.0,4976.0,238697.0
15-Dec-20,103855207,4920,239325,103855207.0,4920.0,239325.0
16-Dec-20,103854642,5016,239794,103854642.0,5016.0,239794.0
17-Dec-20,103854054,5104,240294,103854054.0,5104.0,240294.0
18-Dec-20,103853519,5054,240879,103853519.0,5054.0,240879.0
19-Dec-20,103852807,4967,241678,103852807.0,4967.0,241678.0
20-Dec-20,103852208,4977,242267,103852208.0,4977.0,242267.0
21-Dec-20,103851921,4815,242716,103851921.0,4815.0,242716.0
22-Dec-20,103851424,4731,243297,103851424.0,4731.0,243297.0
23-Dec-20,103850784,5057,243611,103850784.0,5057.0,243611.0
24-Dec-20,103850116,5199,244137,103850116.0,5199.0,244137.0
25-Dec-20,103849476,5348,244628,103849476.0,5348.0,244628.0
26-Dec-20,103849002,5086,245364,103849002.0,5086.0,245364.0
27-Dec-20,103848457,4924,246071,103848457.0,4924.0,246071.0
28-Dec-20,103848148,4613,246691,103848148.0,4613.0,246691.0
29-Dec-20,103847526,4709,247217,103847526.0,4709.0,247217.0
30-Dec-20,103847052,4621,247779,103847052.0,4621.0,247779.0
31-Dec-20,103846660,4710,248082,103846660.0,4710.0,248082.0
01-Jan-21,103846197,4766,248489,103846197.0,4766.0,248489.0
02-Jan-21,103845800,4670,248982,103845800.0,4670.0,248982.0
03-Jan-21,103845518,4319,249615,103845518.0,4319.0,249615.0
04-Jan-21,103845174,4230,250048,103845174.0,4230.0,250048.0
05-Jan-21,103844763,4178,250511,103844763.0,4178.0,250511.0
06-Jan-21,103844355,4157,250940,103844355.0,4157.0,250940.0
07-Jan-21,103843978,4107,251367,103843978.0,4107.0,251367.0
08-Jan-21,103843526,4051,251875,103843526.0,4051.0,251875.0
09-Jan-21,103843033,4131,252288,103843033.0,4131.0,252288.0
10-Jan-21,103842674,4078,252700,103842674.0,4078.0,252700.0
11-Jan-21,103842461,3908,253083,103842461.0,3908.0,253083.0
12-Jan-21,103842117,4034,253301,103842117.0,4034.0,253301.0
13-Jan-21,103841823,3935,253694,103841823.0,3935.0,253694.0
14-Jan-21,103841509,4009,253934,103841509.0,4009.0,253934.0
15-Jan-21,103841163,3982,254307,103841163.0,3982.0,254307.0
16-Jan-21,103840924,3889,254639,103840924.0,3889.0,254639.0
17-Jan-21,103840713,3713,255026,103840713.0,3713.0,255026.0
18-Jan-21,103840569,3510,255373,103839333.89494492,4673.150346007677,255444.95470909573
19-Jan-21,103840380,3103,255969,103837598.195325,5881.558420501448,255972.24625451915
20-Jan-21,103840171,3052,256229,103835413.71698985,7402.39732883652,256635.88568134123
21-Jan-21,103840003,2901,256548,103832664.4581579,9316.417892706499,257471.1239493982
22-Jan-21,103839835,2607,257010,103829204.45016292,11725.22711967033,258522.3227174233
23-Jan-21,103839686,2549,257217,103824850.02956893,14756.664117679458,259845.30631338782
24-Jan-21,103839555,2410,257487,103819370.12037918,18571.55882986327,261510.32079093822
25-Jan-21,103839473,2266,257713,103812474.0232957,23372.222306750507,263605.75439753424
26-Jan-21,103839313,2253,257886,103803796.07428104,29413.11011959274,266242.81559934845
27-Jan-21,103839227,1625,258600,103792876.38458359,37014.203636947714,269561.4117794249
28-Jan-21,103839093,1476,258883,103779136.6707677,46577.793412985025,273737.5358193013
29-Jan-21,103838972,1316,259164,103761849.95054717,58609.5075033199,278992.54194948246
30-Jan-21,103838849,1248,259355,103740102.58531511,73744.62735196674,285604.78733290004
31-Jan-21,103838733,1200,259519,103712746.79357578,92780.97347657509,293924.23294761084
01-Feb-21,103838658,1155,259639,103678341.3411839,116719.92082683792,304390.7379892399
02-Feb-21,103838540,1096,259816,103635077.6133843,146817.43097142206,317556.95564426895
03-Feb-21,103838448,1047,259957,103580687.70043111,184647.35351825043,334116.9460506381
04-Feb-21,103838384,1000,260068,103512330.50016278,232179.63452272522,354941.8653144824
05-Feb-21,103838294,887,260271,103426451.16552748,291876.4571227755,381124.3773497466
06-Feb-21,103838206,890,260356,103318608.5992328,366809.64929516194,414033.75147204404
07-Feb-21,103838153,858,260441,103183265.20442194,460802.8413529487,455383.9542251169
08-Feb-21,103838097,784,260571,103013532.94929712,578601.658404083,507317.3922987846
09-Feb-21,103838005,755,260692,102800870.35213085,726074.4000475118,572507.247821637
10-Feb-21,103837941,757,260754,102534726.663991,910443.8158109408,654281.5201980295
11-Feb-21,103837884,700,260868,102202133.14539781,1140547.0656274473,756771.7889747104
12-Feb-21,103837806,691,260955,101787248.07894012,1427114.7916430628,885089.1294167946
13-Feb-21,103837762,653,261037,101270873.00952637,1783050.7135584229,1045528.2769151862
14-Feb-21,103837711,625,261116,100629975.40880083,2223678.0525386087,1245798.5386605633
15-Feb-21,103837667,588,261197,99837278.2822082,2766898.1221427727,1495275.5956490173
16-Feb-21,103837611,565,261276,98861012.53249587,3433177.9873093343,1805261.4801948057
17-Feb-21,103837573,520,261359,97664972.57483761,4245249.472211051,2189229.952951341
18-Feb-21,103837510,513,261429,96209065.03956406,5227366.019996759,2663020.9404391847
19-Feb-21,103837443,504,261505,94450584.29736526,6403937.026598576,3244930.676036153
20-Feb-21,103837386,502,261564,92346463.61307779,7797362.345390541,3955626.041531682
21-Feb-21,103837292,537,261623,89856704.28486915,9424951.601900226,4817796.113230634
22-Feb-21,103837208,561,261683,86949035.54310358,11294967.169345282,5855449.287551152
23-Feb-21,103837149,548,261755,83604568.8181061,13402102.178322528,7092781.003571376
24-Feb-21,103837095,509,261848,79823799.3638476,15723066.976818573,8552585.659333834
25-Feb-21,103837034,478,261940,75631843.81109242,18213334.34270302,10254273.846204573
26-Feb-21,103836988,431,262033,71081489.85469776,20806289.02061739,12211673.12468486
27-Feb-21,103836943,404,262105,66252693.65895025,23415847.570219662,14430910.770830102
28-Feb-21,103836918,399,262135,61247766.110824406,25942932.176676154,16908753.71249945
01-Mar-21,103836896,370,262186,56182571.57381188,28285112.694831878,19631767.73135624
02-Mar-21,103836855,369,262228,51175258.47979855,30347660.1907146,22576533.329486858
03-Mar-21,103836824,349,262279,46334828.70346374,32053678.818904173,25710944.477632098
04-Mar-21,103836784,348,262320,41751855.7016021,33351209.56116197,28996386.73723593
05-Mar-21,103836746,341,262365,37492893.85920255,34216135.74892743,32390422.391870014
06-Mar-21,103836724,334,262394,33598969.75198582,34650928.95768285,35849553.290331334
07-Mar-21,103836694,313,262445,30087509.670271385,34680253.28361972,39331689.04610891
08-Mar-21,103836673,290,262489,26956489.14610847,34344885.90405057,42798076.94984096
09-Mar-21,103836632,298,262522,24189503.785187,33695351.16808415,46214597.046728864
10-Mar-21,103836588,303,262561,21760739.95848862,32786264.391762532,49552447.649748854
11-Mar-21,103836543,324,262585,19639222.443425126,31671907.002983425,52788322.55359146
12-Mar-21,103836515,324,262613,17792082.809397295,30403156.668685228,55904212.521917485
13-Mar-21,103836477,333,262642,16186847.955376124,29025642.356459286,58886961.6881646
14-Mar-21,103836427,338,262687,14792890.130163552,27578871.720588826,61727690.14924763
15-Mar-21,103836401,328,262723,13582229.068883572,26096056.79345465,64421166.137661785
16-Mar-21,103836352,347,262753,12529873.648544613,24604393.004939754,66965185.346515626
17-Mar-21,103836294,364,262794,11613859.890345247,23125599.423036527,69359992.68661822
18-Mar-21,103836187,406,262859,10815105.259192793,21676581.293873694,71607765.44693352
19-Mar-21,103836097,437,262918,10117163.99637929,20270123.2089489,73712164.7946718
20-Mar-21,103836009,473,262970,9505940.459104646,18915555.25522813,75677956.28566723
21-Mar-21,103835883,523,263046,8969395.644298417,17619362.129906848,77510694.22579473
22-Mar-21,103835793,561,263098,8497267.473597173,16385720.807170456,79216463.71923238
23-Mar-21,103835682,624,263146,8080815.4661582,15216963.603336522,80801672.93050529
24-Mar-21,103835512,727,263213,7712594.205505088,14113969.62424212,82272888.17025281
25-Mar-21,103835254,925,263273,7386256.140519376,13076490.916891221,83636704.94258942
26-Mar-21,103835043,1001,263408,7096382.189639431,12103421.044050645,84899648.76630993
27-Mar-21,103834848,1116,263488,6838337.570531135,11193014.043189105,86068100.38627978
28-Mar-21,103834497,1347,263608,6608149.864534378,10343061.339684764,87148240.79578087
29-Mar-21,103834258,1488,263706,6402406.3283955585,9551033.483919878,88146012.18768457
30-Mar-21,103834184,1456,263812,6218167.638201779,8814192.737045605,89067091.62475263
31-Mar-21,103833925,1580,263947,6052895.545874333,8129681.6968915695,89916874.75723411
01-Apr-21,103833437,1908,264107,5904392.202583302,7494592.347998525,90700467.44941819
02-Apr-21,103832775,2364,264313,5770749.330414796,6906019.212767528,91422683.4568177
03-Apr-21,103831939,2943,264570,5650305.514412096,6361099.67000138,92088046.81558655
04-Apr-21,103831075,3561,264816,5541610.340362961,5857043.935641487,92700797.72399558
05-Apr-21,103830140,4144,265168,5443394.213157703,5391156.784874142,93264901.00196819
06-Apr-21,103829060,4955,265437,5354542.896370615,4960852.714260098,93784056.38936932
07-Apr-21,103827533,5926,265993,5274076.008833245,4563665.896224224,94261710.09494255
08-Apr-21,103825622,7505,266325,5201128.812160024,4197256.054567255,94701067.13327275
09-Apr-21,103823448,9358,266646,5134936.749080707,3859411.1668218817,95105104.08409745
10-Apr-21,103819979,11999,267474,5074822.28587039,3548047.7227096437,95476581.99141999
11-Apr-21,103816223,14696,268533,5020183.685137587,3261209.1211933577,95818059.19366908
12-Apr-21,103813224,17053,269175,4970485.403976763,2997062.676308176,96131903.91971509
13-Apr-21,103809067,20149,270236,4925249.865876653,2753895.5960529745,96420306.5380704
14-Apr-21,103804281,23725,271446,4884050.364519845,2530110.293109543,96685291.34237064
15-Apr-21,103798148,29079,272225,4846504.9646697445,2324219.1708806623,96928727.86444964
16-Apr-21,103791895,33466,274091,4812271.223829271,2134839.135065373,97152341.64110538
17-Apr-21,103784025,39498,275929,4781041.61110013,1960685.9745075807,97357724.41439232
18-Apr-21,103775335,44701,279416,4752539.531234559,1800568.6965804761,97546343.772185
19-Apr-21,103767848,49528,282076,4726515.860166297,1653383.9176630282,97719552.2221707
20-Apr-21,103757393,56355,285704,4702745.915499112,1518110.3753012347,97878595.7091997
21-Apr-21,103745171,63747,290534,4681026.805167458,1393803.6114392746,98024621.5833933
22-Apr-21,103733682,69869,295901,4661175.100818407,1279590.847309838,98158686.05187179
23-Apr-21,103721010,76420,302022,4643024.78888059,1174666.085276856,98281761.12584259
24-Apr-21,103708651,81961,308840,4626425.463720377,1078285.4525693276,98394741.08371031
25-Apr-21,103695856,87155,316441,4611240.730884634,989762.7856706535,98498448.48344474
26-Apr-21,103684055,89661,325736,4597346.7952552475,908465.4604770121,98593639.74426776
27-Apr-21,103671451,94276,333725,4584631.20050671,833810.4811813934,98681010.31831193
28-Apr-21,103658077,98748,342627,4572991.715943199,765260.7974082215,98761199.4866486
29-Apr-21,103644988,100822,353642,4562335.339706827,702321.8659049589,98834794.79438823
30-Apr-21,103629135,105401,364916,4552577.410440714,644538.4354358563,98902336.15412346
01-May-21,103615346,108203,375903,4543640.8125779005,591491.5503260274,98964319.63709609
02-May-21,103601812,109946,387694,4535455.263837416,542795.7629710756,99021200.97319153
03-May-21,103590405,107668,401379,4527956.677345017,498096.5402143549,99073398.78244065
04-May-21,103575611,110431,413410,4521086.586476552,457067.85778790456,99121297.55573556
05-May-21,103560775,113480,425197,4514791.62881211,419409.96921988943,99165250.40196802
06-May-21,103545649,115152,438651,4509023.080675809,384847.3395002094,99205581.579824
07-May-21,103532183,115067,452202,4503736.436623489,353126.7323966222,99242588.83097991
08-May-21,103519235,112977,467240,4498891.030545086,324015.44167907647,99276545.52777585
09-May-21,103507976,110805,480671,4494449.692153955,297299.65747881006,99307702.65036725
10-May-21,103497802,105104,496546,4490378.436281096,272782.95718037756,99336290.60653853
11-May-21,103486882,102100,510470,4486646.182547615,250284.9121678289,99362520.90528457
12-May-21,103477019,99624,522809,4483224.498395751,229639.8044092527,99386587.69719501
13-May-21,103469267,96278,533907,4480087.368824148,210695.44088823046,99408669.19028763
14-May-21,103461773,89564,548115,4477210.984958551,193312.06383335666,99428928.9512081
15-May-21,103454437,82487,562528,4474573.552527803,177361.3433310108,99447517.10414119
16-May-21,103447543,75090,576819,4472155.11873773,162725.45401928195,99464571.42724298
17-May-21,103441623,69698,588131,4469937.412345449,149296.22026681097,99480218.36738773
18-May-21,103435337,64699,599416,4467903.700845654,136974.3346580099,99494573.96449633
19-May-21,103429278,58611,611563,4466038.657479095,125668.63379199154,99507744.70872891
20-May-21,103423407,54407,621638,4464328.242371499,115295.43720775712,99519828.32042074
21-May-21,103418253,49312,631887,4462759.591997246,105777.9344993931,99530914.47350337
22-May-21,103413878,44908,640666,4461320.920211181,97045.6267818823,99541085.45300694
23-May-21,103409876,40692,648884,4460001.426133418,89033.80843001675,99550416.76543657
24-May-21,103407032,37943,654477,4458791.211607873,81683.09541248296,99558977.69297965
25-May-21,103403726,35130,660596,4457681.204316063,74938.98736516663,99566831.80831878
26-May-21,103401123,30993,667336,4456663.088848533,68751.46957594053,99574037.44157554
27-May-21,103398555,28448,672449,4455729.242443615,63074.64312945052,99580648.11442694
28-May-21,103396770,24810,677872,4454872.6773596555,57866.38921796592,99586712.93342239
29-May-21,103395279,21085,683088,4454086.987109938,53088.05694692432,99592276.95594315
30-May-21,103393804,18378,687270,4453366.298228155,48704.180289350305,99597381.52148251
31-May-21,103392691,16236,690525,4452705.225244066,44682.21467728091,99602064.56007867
01-Jun-21,103391517,14251,693684,4452098.830281957,40992.298456252465,99606360.8712618
02-Jun-21,103390359,12591,696502,4451542.585325118,37607.03071071482,99610302.3839642
03-Jun-21,103389253,11431,698768,4451032.338347924,34501.27026003303,99613918.39139207
04-Jun-21,103388262,10309,700881,4450564.281669403,31651.948328334387,99617235.77000228
05-Jun-21,103387255,9628,702569,4450134.923545427,29037.8992146951,99620279.1772399
06-Jun-21,103386335,8708,704409,4449741.061613261,26639.70238028436,99623071.23600648
07-Jun-21,103385573,8231,705648,4449379.7590520475,24439.539832519244,99625632.70111546
08-Jun-21,103384862,7898,706692,4449048.322288889,22421.063040704226,99627982.61467043
09-Jun-21,103384273,7353,707826,4448744.280982946,20569.272829888872,99630138.44618718
10-Jun-21,103383722,6896,708834,4448465.369302071,18870.40724528188,99632116.22345267
11-Jun-21,103383156,6349,709947,4448209.50911176,17311.84041983551,99633930.65046842
12-Jun-21,103382724,5701,711027,4447974.794244908,15881.988103877235,99635595.21765123
13-Jun-21,103382237,5312,711903,4447759.476377582,14570.222514784155,99637122.30110766
14-Jun-21,103381913,4772,712767,4447561.951810013,13366.792762390332,99638523.25542761
15-Jun-21,103381503,4360,713589,4447380.749596451,12262.753159760581,99639808.4972438
16-Jun-21,103381133,3991,714328,4447214.520433876,11249.896204152938,99640987.58336197
17-Jun-21,103380748,3804,714900,4447062.026684058,10320.692225337038,99642069.2810906
18-Jun-21,103380401,3548,715503,4446922.133032111,9468.232947417919,99643061.63402048
19-Jun-21,103380052,3396,716004,4446793.798097204,8686.180682300643,99643972.0212205
20-Jun-21,103379758,3189,716505,4446676.066577938,7968.720807500452,99644807.21261457
21-Jun-21,103379513,3017,716922,4446568.0621976135,7310.518996838544,99645573.41880555
22-Jun-21,103379245,2811,717396,4446468.981098907,6706.681209104944,99646276.33769199
23-Jun-21,103378947,2705,717800,4446378.085910443,6152.717684866054,99646921.1964047
24-Jun-21,103378735,2558,718159,4446294.700191547,5644.509262075399,99647512.79054639
25-Jun-21,103378528,2397,718527,4446218.203441175,5178.277068516878,99648055.51949032
26-Jun-21,103378338,2250,718864,4446148.026425466,4750.554166214556,99648553.41940832
27-Jun-21,103378153,2142,719157,4446083.64697888,4358.160038608089,99649010.19298252
28-Jun-21,103377988,1973,719491,4446024.586074027,3998.17672246429,99649429.23720351
29-Jun-21,103377798,1832,719822,4445970.404288836,3667.92733078987,99649813.66838038
30-Jun-21,103377538,1757,720157,4445920.698500623,3364.9559636394033,99650166.34553574
01-Jul-21,103377351,1716,720385,4445875.098913369,3087.0096281188034,99650489.89145853
02-Jul-21,103377170,1693,720589,4445833.266276789,2832.0213308925086,99650786.71239232
03-Jul-21,103377034,1540,720878,4445794.889384671,2598.0948575866096,99651059.01575774
04-Jul-21,103376925,1436,721091,4445759.6827355595,2383.490544053043,99651308.8267204
05-Jul-21,103376849,1305,721298,4445727.384427316,2186.6124625302928,99651538.00311017
06-Jul-21,103376706,1222,721524,4445697.754189272,2005.9964480512456,99651748.24936269
07-Jul-21,103376602,1183,721667,4445670.571610131,1840.2993104708237,99651941.12907942
08-Jul-21,103376487,1141,721824,4445645.634482612,1688.2887592128275,99652118.07675818
09-Jul-21,103376392,1019,722041,4445622.75731178,1548.834320502971,99652280.40836772
10-Jul-21,103376305,866,722281,4445601.769922595,1420.8988600472799,99652429.33121736
11-Jul-21,103376169,845,722438,4445582.516204194,1303.5309356219377,99652565.95286019
12-Jul-21,103376097,789,722566,4445564.852938619,1195.8576646956346,99652691.28939669
13-Jul-21,103375995,783,722674,4445548.648743647,1097.0782852572042,99652806.27297111
14-Jul-21,103375882,786,722784,4445533.783087588,1006.4581553872748,99652911.75875703
15-Jul-21,103375757,797,722898,4445520.14539922,923.3233311612292,99653008.53126962
16-Jul-21,103375667,782,723003,4445507.634239108,847.0555188318147,99653097.31024207
17-Jul-21,103375588,755,723109,4445496.156550191,777.0875089865336,99653178.75594082
18-Jul-21,103375507,725,723220,4445485.626960774,712.8989302694595,99653253.47410896
19-Jul-21,103375453,680,723319,4445475.967153505,654.0124045224654,99653322.02044198
20-Jul-21,103375371,634,723447,4445467.105279126,599.9899748204614,99653384.90474606
21-Jul-21,103375283,590,723579,4445458.975425132,550.429867750092,99653442.59470713
22-Jul-21,103375222,597,723633,4445451.51712266,504.9634886998192,99653495.51938865
23-Jul-21,103375137,582,723733,4445444.674899094,463.2526954083152,99653544.07240552
24-Jul-21,103375062,530,723860,4445438.397863291,424.98727044101105,99653588.61486629
25-Jul-21,103374981,502,723969,4445432.639328858,389.8826252748345,99653629.47804588
26-Jul-21,103374923,475,724054,4445427.356465272,357.67767419073004,99653666.96586055
27-Jul-21,103374855,484,724113,4445422.509980657,328.13290091158746,99653701.35711844
28-Jul-21,103374779,480,724193,4445418.063828342,301.0285701655936,99653732.9076015
29-Jul-21,103374733,481,724238,4445413.984939731,276.16309962784237,99653761.85196064
30-Jul-21,103374661,458,724333,4445410.242977477,253.35155553075558,99653788.40546699
31-Jul-21,103374617,457,724378,4445406.810110554,232.42428169998604,99653812.76560774
01-Aug-21,103374572,435,724445,4445403.660806634,213.2256341014478,99653835.11355926
02-Aug-21,103374535,401,724516,4445400.771642684,195.61282637503118,99653855.61553094
03-Aug-21,103374475,384,724593,4445398.121130322,179.45486537024277,99653874.4240043
04-Aug-21,103374429,366,724657,4445395.689556337,164.63157899122862,99653891.67886467
05-Aug-21,103374385,365,724702,4445393.458835781,151.03272079934544,99653907.50844343
06-Aug-21,103374330,357,724765,4445391.412377675,138.55715138152132,99653922.03047095
07-Aug-21,103374294,321,724837,4445389.534961447,127.11208516687182,99653935.3529534
08-Aug-21,103374260,310,724882,4445387.812623835,116.6124010761068,99653947.57497509
09-Aug-21,103374217,286,724949,4445386.232554957,106.9800089640145,99653958.78743608
10-Aug-21,103374173,281,724998,4445384.7830030825,98.14326913554076,99653969.07372779
11-Aug-21,103374126,277,725049,4445383.453187202,90.03645941335604,99653978.5103534
12-Aug-21,103374083,273,725096,4445382.233216843,82.5992863298063,99653987.16749685
13-Aug-21,103374036,264,725152,4445381.114018525,75.77643683646572,99653995.10954465
14-Aug-21,103373997,251,725204,4445380.087268243,69.51716669557663,99654002.3955651
15-Aug-21,103373969,241,725242,4445379.145329601,63.77492338718183,99654009.07974704
16-Aug-21,103373955,213,725284,4445378.281196957,58.506999509533344,99654015.21180356
17-Aug-21,103373934,204,725314,4445377.48844339,53.67421557477912,99654020.83734106
18-Aug-21,103373918,188,725346,4445376.761172815,49.24062815271411,99654025.99819905
19-Aug-21,103373903,179,725370,4445376.093976222,45.17326304232802,99654030.73276076
20-Aug-21,103373892,169,725391,4445375.4818913555,41.441869514208136,99654035.07623915
21-Aug-21,103373884,147,725421,4445374.920365895,38.01869585628583,99654039.06093827
22-Aug-21,103373864,141,725447,4445374.40522351,34.87828243520635,99654042.71649408
23-Aug-21,103373856,112,725484,4445373.932632885,31.997272885621314,99654046.07009426
24-Aug-21,103373847,102,725503,4445373.49907914,29.354239860293937,99654049.14668101
25-Aug-21,103373816,105,725531,4445373.101337771,26.929526201454657,99654051.96913604
26-Aug-21,103373801,107,725544,4445372.736450585,24.705098217373823,99654054.55845122
27-Aug-21,103373780,115,725557,4445372.401703782,22.664412073611658,99654056.93388416
28-Aug-21,103373769,112,725571,4445372.094607689,20.79229024891961,99654059.1131021
29-Aug-21,103373758,113,725581,4445371.812878322,19.074809140690533,99654061.11231256
30-Aug-21,103373752,106,725594,4445371.554420321,17.4991950394659,99654062.94638467
31-Aug-21,103373744,100,725608,4445371.317311445,16.05372957920656,99654064.628959
01-Sep-21,103373734,86,725632,4445371.099788199,14.727662147722674,99654066.1725497
02-Sep-21,103373724,90,725638,4445370.900232788,13.51113034760995,99654067.5886369
03-Sep-21,103373718,80,725654,4445370.717161018,12.395086246690353,99654068.88775277
04-Sep-21,103373707,66,725679,4445370.549211326,11.371229465667602,99654070.07955925
05-Sep-21,103373699,65,725688,4445370.395134585,10.431945082578968,99654071.17292038
06-Sep-21,103373693,55,725704,4445370.253784875,9.57024734191053,99654072.17596783
07-Sep-21,103373687,55,725710,4445370.124110908,8.779727372251216,99654073.09616175
08-Sep-21,103373668,65,725719,4445370.005148258,8.054505830137902,99654073.94034594
09-Sep-21,103373658,72,725722,4445369.896012137,7.38918888079078,99654074.71479902
10-Sep-21,103373646,74,725732,4445369.795890867,6.778828357885884,99654075.42528081
11-Sep-21,103373632,76,725744,4445369.704039794,6.2188847020422235,99654076.07707554
12-Sep-21,103373625,81,725746,4445369.619775795,5.705193443082512,99654076.6750308
13-Sep-21,103373619,77,725756,4445369.542472155,5.233933997082086,99654077.22359389
14-Sep-21,103373607,74,725771,4445369.471553941,4.801601467241533,99654077.72684462
15-Sep-21,103373600,66,725786,4445369.4064937,4.404980373898867,99654078.18852596
16-Sep-21,103373588,72,725792,4445369.346807557,4.04112092958552,99654078.61207154
17-Sep-21,103373581,65,725806,4445369.292051597,3.707316922585654,99654079.00063151
18-Sep-21,103373571,65,725816,4445369.241818584,3.4010857558644925,99654079.35709569
19-Sep-21,103373558,70,725824,4445369.195734906,3.120149827859163,99654079.68411529
20-Sep-21,103373551,69,725832,4445369.153457828,2.8624197377805127,99654079.98412246
21-Sep-21,103373545,60,725847,4445369.114672912,2.625978610982214,99654080.25934851
22-Sep-21,103373534,60,725858,4445369.0790917035,2.4090679680283027,99654080.51184036
23-Sep-21,103373530,56,725866,4445369.046449567,2.210074529281169,99654080.74347593
24-Sep-21,103373520,61,725871,4445369.016503733,2.027518324944005,99654080.95597798
25-Sep-21,103373515,65,725872,4445368.989031479,1.8600415870179088,99654081.15092696
26-Sep-21,103373508,68,725876,4445368.963828484,1.7063987446664954,99654081.3297728
27-Sep-21,103373505,57,725890,4445368.940707302,1.5654470735935613,99654081.49384564
28-Sep-21,103373504,53,725895,4445368.919495973,1.436138277550604,99654081.64436577
29-Sep-21,103373500,55,725897,4445368.900036737,1.3175106173124946,99654081.78245266
30-Sep-21,103373494,54,725904,4445368.8821848715,1.208681826651687,99654081.90913332
01-Oct-21,103373491,42,725919,4445368.865807602,1.1088424869834625,99654082.02534992
02-Oct-21,103373487,44,725921,4445368.850783126,1.0172500660883323,99654082.13196681
03-Oct-21,103373484,38,725930,4445368.836999699,0.9332233414603698,99654082.22977696
04-Oct-21,103373481,31,725940,4445368.824354808,0.8561373836706385,99654082.31950781
05-Oct-21,103373479,29,725944,4445368.8127544075,0.7854188625762654,99654082.40182674
06-Oct-21,103373477,29,725946,4445368.802112223,0.72054182549077,99654082.47734596
07-Oct-21,103373473,32,725947,4445368.792349101,0.6610237466198927,99654082.54662715
08-Oct-21,103373469,34,725949,4445368.783392432,0.6064219739875216,99654082.61018558
09-Oct-21,103373465,37,725950,4445368.775175599,0.5563304045328186,99654082.668494
10-Oct-21,103373456,35,725961,4445368.767637493,0.5103764937464518,99654082.72198601
11-Oct-21,103373454,36,725962,4445368.760722048,0.4682184574461229,99654082.7710595
12-Oct-21,103373448,38,725966,4445368.754377831,0.4295427549068397,99654082.81607941
13-Oct-21,103373444,36,725972,4445368.748557657,0.3940617339789928,99654082.8573806
14-Oct-21,103373436,42,725974,4445368.743218241,0.361511512653227,99654082.89527024
15-Oct-21,103373431,46,725975,4445368.738319871,0.33164999736019685,99654082.93003012
16-Oct-21,103373431,44,725977,4445368.733826115,0.304255099819682,99654082.96191877
17-Oct-21,103373426,48,725978,4445368.729703551,0.2791230694545457,99654082.99117337
18-Oct-21,103373424,44,725984,4445368.725921519,0.2560669923920928,99654083.01801148
19-Oct-21,103373419,42,725991,4445368.72245189,0.23491538826529715,99654083.04263271
20-Oct-21,103373416,30,726006,4445368.719268858,0.21551094666229742,99654083.06522019
21-Oct-21,103373410,30,726012,4445368.7163487505,0.1977093464524934,99654083.0859419
22-Oct-21,103373407,30,726015,4445368.71366985,0.18137819207018166,99654083.10495195
23-Oct-21,103373398,36,726018,4445368.71121223,0.16639602012472854,99654083.12239173
24-Oct-21,103373394,38,726020,4445368.708957615,0.15265140386911713,99654083.13839096
25-Oct-21,103373392,36,726024,4445368.7068892345,0.14004211742845651,99654083.15306863
